Date,Open,High,Low,Close,Volume,Change
2019-11-14,9370,9411,9340,9412,58382,
2019-11-15,9396,9514,9382,9488,59916,0.008074798130046856
2019-11-18,9500,9500,9467,9502,18646,0.001475548060708265
2019-11-19,9467,9477,9401,9456,24999,-0.004841086087139512
2019-11-20,9411,9435,9321,9334,9410,-0.01290186125211501
2019-11-21,9304,9304,9163,9169,16095,-0.017677308763659694
2019-11-22,9209,9247,9195,9220,6573,0.005562220525684447
2019-11-25,9326,9350,9304,9304,2389,0.009110629067245135
2019-11-26,9350,9350,9350,9352,1,0.005159071367153878
2019-11-27,9321,9350,9299,9334,48778,-0.0019247219846022512
2019-11-28,9321,9330,9284,9291,90328,-0.004606813799014398
2019-11-29,9163,9168,9134,9141,10200,-0.016144656118824652
2019-12-02,9176,9176,9176,9178,10660,0.004047697188491517
2019-12-03,9078,9097,9026,9094,21,-0.009152320767051636
2019-12-04,9059,9064,8998,9043,1092,-0.005608093248295587
2019-12-05,9026,9064,8967,9018,34135,-0.002764569280106155
2019-12-06,9106,9106,9102,9103,2,0.009425593257928577
2019-12-09,9172,9172,9134,9169,32147,0.007250357025156529
2019-12-10,9143,9180,9143,9183,8266,0.0015268840658742011
2019-12-11,9195,9242,9158,9230,32093,0.005118153109005874
2019-12-12,9330,9391,9308,9395,14,0.017876489707475685
2019-12-13,9491,9528,9462,9497,32212,0.010856838744012665
2019-12-16,9542,9542,9524,9526,118,0.0030535958723807433
2019-12-17,9594,9665,9576,9647,32232,0.012702078521940052
2019-12-18,9678,9702,9641,9666,77,0.0019695242044159844
2019-12-19,9665,9697,9617,9657,33588,-0.0009310986964617962
2019-12-20,9678,9697,9665,9700,29395,0.004452728590659705
2019-12-23,9650,9688,9637,9681,288200,-0.001958762886597909
2019-12-24,9655,9665,9617,9619,14431,-0.006404297076748278
2019-12-26,9612,9650,9603,9647,70780,0.0029109054995322126
2019-12-27,9773,9875,9753,9803,129879,0.01617083030994082
2019-12-30,9861,9861,9791,9818,64280,0.0015301438335204587
2020-01-02,9800,9800,9697,9747,83186,-0.007231615400285163
2020-01-03,9824,9847,9697,9742,64512,-0.0005129783523135645
2020-01-06,9655,9669,9622,9647,11119,-0.009751591049065866
2020-01-07,9673,9748,9673,9751,1695,0.010780553539960547
2020-01-08,9612,9707,9589,9652,3246,-0.010152804840529162
2020-01-09,9735,9783,9716,9783,9701,0.013572316618317481
2020-01-10,9814,9895,9809,9896,246,0.011550649085147802
2020-01-13,9871,9950,9871,9943,17923,0.004749393694422066
2020-01-14,10012,10068,10012,10027,139,0.008448154480539039
2020-01-15,9969,9969,9950,9953,4,-0.0073800738007380184
2020-01-16,9993,10078,9979,10079,15898,0.012659499648347339
2020-01-17,10120,10161,10082,10108,172,0.0028772695703938034
2020-01-20,10166,10208,10134,10135,69873,0.002671151563118368
2020-01-21,10134,10152,10063,10070,32990,-0.006413418845584662
2020-01-22,10040,10191,10040,10191,48,0.012015888778550199
2020-01-23,10115,10148,10058,10089,32168,-0.010008831321754452
2020-01-28,9824,9829,9753,9756,41,-0.033006244424620856
2020-01-29,9787,9861,9768,9820,41994,0.006560065600655918
2020-01-30,9743,9773,9603,9606,10217,-0.021792260692464316
2020-01-31,9650,9716,9514,9521,32449,-0.008848636268998566
2020-02-03,9375,9537,9335,9502,73974,-0.0019955886986661175
2020-02-04,9542,9678,9537,9666,32660,0.01725952431067146
2020-02-05,9739,9739,9707,9708,68,0.004345127250155123
2020-02-06,9847,9960,9824,9953,35146,0.02523691800576855
2020-02-07,9950,9950,9851,9901,14,-0.005224555410428988
2020-02-10,9787,9844,9753,9818,38679,-0.008382991617008395
2020-02-11,9890,9955,9890,9957,25,0.014157669586473798
2020-02-12,9913,10002,9875,9990,39231,0.0033142512805062196
2020-02-13,10058,10058,10040,10042,6,0.005205205205205177
2020-02-14,9979,10068,9979,10023,33344,-0.0018920533758215452
2020-02-17,9984,9984,9984,9985,10,-0.003791280055871482
2020-02-18,9955,9955,9844,9864,32122,-0.01211817726589881
2020-02-19,9890,9890,9880,9882,11,0.0018248175182482562
2020-02-20,9950,9960,9787,9835,32650,-0.004756122242461025
2020-02-21,9697,9743,9669,9695,179685,-0.014234875444839812
2020-02-24,9491,9495,9318,9319,34448,-0.038782877772047475
2020-02-25,9382,9382,9360,9360,160,0.004399613692456228
2020-02-26,9299,9345,9238,9295,32576,-0.00694444444444442
2020-02-27,9209,9214,9163,9178,3208,-0.012587412587412583
2020-02-28,9003,9003,8830,8840,130496,-0.03682719546742208
2020-03-02,8900,8969,8772,8952,3107,0.012669683257918507
2020-03-03,9083,9134,8973,8977,6547,0.0027926720285968987
2020-03-04,9180,9204,9168,9178,7039,0.02239055363707254
2020-03-05,9242,9321,9195,9286,54911,0.01176726955763785
2020-03-06,9176,9176,9064,9117,15062,-0.018199440017230284
2020-03-09,8871,8871,8693,8737,22503,-0.04168037731709995
2020-03-10,8679,8792,8674,8775,72597,0.004349318988211115
2020-03-11,8674,8674,8468,8513,47117,-0.029857549857549848
2020-03-12,8131,8148,8131,8151,31,-0.042523199812052104
2020-03-13,7534,7985,7534,7869,584,-0.03459698196540306
2020-03-16,7854,7919,7642,7645,19400,-0.028466132926674326
2020-03-17,7379,7614,7319,7451,247496,-0.02537606278613469
2020-03-18,7436,7473,7074,7081,61096,-0.04965776405851563
2020-03-19,7032,7032,6446,6546,40491,-0.07555430024007903
2020-03-20,6727,6830,6591,6804,55666,0.039413382218148385
2020-03-23,6516,6750,6516,6565,49461,-0.03512639623750735
2020-03-24,6815,7163,6802,7132,59804,0.08636709824828648
2020-03-25,7422,7576,7361,7578,32455,0.06253505328098719
2020-03-26,7576,7718,7520,7522,61056,-0.007389812615465785
2020-03-27,7744,7787,7422,7602,101927,0.010635469290082522
2020-03-30,7459,7718,7407,7682,5428,0.010523546435148745
2020-03-31,7749,7806,7666,7794,102299,0.014579536579015784
2020-04-01,7749,7849,7529,7532,1069,-0.033615601744931944
2020-04-02,7539,7693,7412,7677,89079,0.019251194901752422
2020-04-03,7661,7661,7661,7662,1,-0.0019538882375927935
2020-04-06,7834,7994,7796,7977,198233,0.0411119812059515
2020-04-07,8131,8131,8065,8131,147252,0.019305503322050832
2020-04-08,7994,8182,7994,8038,239429,-0.011437707539048048
2020-04-09,8196,8196,8092,8118,166358,0.009952724558347947
2020-04-10,8162,8238,8092,8240,102873,0.015028332101502784
2020-04-13,8182,8223,8126,8126,166574,-0.01383495145631064
2020-04-14,8196,8285,8162,8258,136759,0.01624415456559203
2020-04-16,8214,8294,8187,8273,175586,0.0018164204407846718
2020-04-17,8496,8570,8453,8527,177131,0.03070228454007018
2020-04-20,8496,8529,8407,8437,178284,-0.010554708572768856
2020-04-21,8275,8388,8116,8328,201724,-0.012919284105724738
2020-04-22,8209,8374,8201,8376,171985,0.0057636887608070175
2020-04-23,8444,8514,8393,8483,204657,0.012774594078319046
2020-04-24,8407,8430,8327,8380,162515,-0.012141930920664845
2020-04-27,8412,8492,8369,8493,193794,0.01348448687350845
2020-04-28,8562,8582,8458,8503,155722,0.0011774402449076238
2020-04-29,8597,8677,8597,8612,195549,0.012819005057038702
2020-05-04,8406,8497,8392,8417,207651,-0.022642823966558256
2020-05-06,8515,8587,8468,8588,175541,0.020316027088036037
2020-05-07,8557,8616,8535,8560,188642,-0.00326036329762458
2020-05-08,8659,8692,8624,8659,191360,0.011565420560747608
2020-05-11,8682,8692,8597,8597,167440,-0.0071601801593716985
2020-05-12,8535,8550,8449,8550,194844,-0.005467023380248959
2020-05-13,8453,8620,8453,8622,178508,0.008421052631578885
2020-05-14,8557,8597,8520,8555,184300,-0.007770818835536986
2020-05-15,8582,8602,8545,8592,219481,0.004324956165984828
2020-05-18,8587,8663,8582,8622,286867,0.0034916201117318746
2020-05-19,8782,8801,8772,8793,164842,0.019832985386221358
2020-05-20,8796,8867,8796,8869,180830,0.008643238940065912
2020-05-21,8897,8915,8872,8892,172733,0.0025933025143758393
2020-05-22,8897,8897,8720,8764,168590,-0.01439496176338284
2020-05-25,8801,8863,8777,8865,171763,0.011524418073938891
2020-05-26,8897,8991,8872,8994,186738,0.014551607445008496
2020-05-27,8991,9043,8954,9006,162074,0.0013342228152102287
2020-05-28,9086,9115,8877,8964,276624,-0.004663557628247883
2020-05-29,8976,9034,8924,9036,165790,0.008032128514056325
2020-06-01,9077,9173,9077,9169,174059,0.014718902169101433
2020-06-02,9168,9229,9168,9231,1061,0.006761915148871145
2020-06-03,9301,9543,9301,9488,808,0.027840970642400542
2020-06-04,9671,9671,9491,9540,5473,0.005480607082630762
2020-06-05,9482,9653,9482,9654,217,0.011949685534591303
2020-06-08,9658,9658,9629,9659,331,0.0005179200331468792
2020-06-09,9587,9658,9548,9659,1562,0.0
2020-06-10,9658,9730,9658,9716,197,0.005901232011595425
2020-06-11,9614,9710,9520,9521,53,-0.020069987649238397
2020-06-12,9225,9410,9225,9411,197,-0.011553408255435382
2020-06-15,9333,9420,8986,8989,72,-0.04484114334289657
2020-06-16,9333,9467,9324,9468,9078,0.053287351207030875
2020-06-17,9467,9505,9457,9483,45,0.0015842839036754874
2020-06-18,9453,9477,9420,9468,62,-0.0015817779183802116
2020-06-19,9410,9500,9410,9502,120,0.003591043514997949
2020-06-22,9434,9529,9434,9530,142,0.0029467480530414036
2020-06-23,9486,9486,9486,9488,0,-0.004407135362014647
2020-06-24,9624,9624,9624,9626,53,0.0145446880269815
2020-06-25,9462,9462,9462,9464,1,-0.016829420319966704
2020-06-26,9557,9567,9529,9545,105,0.00855874894336428
2020-06-29,9390,9390,9390,9393,53,-0.015924567836563597
2020-06-30,9529,9529,9472,9473,162,0.008516980730331136
2020-07-01,9567,9567,9434,9445,125586,-0.0029557690277630666
2020-07-02,9520,9520,9520,9521,10,0.008046585494970948
2020-07-03,9624,9624,9624,9626,10,0.011028253334733673
2020-07-06,9605,9752,9605,9755,3197,0.013401205069603073
2020-07-07,9814,9814,9614,9640,12806,-0.0117888262429523
2020-07-08,9600,9610,9600,9612,73,-0.0029045643153526868
2020-07-09,9667,9710,9653,9659,63,0.004889721181855933
2020-07-10,9577,9619,9543,9545,48,-0.01180246402319085
2020-07-13,9700,9747,9700,9750,13,0.021477213200628675
2020-07-14,9720,9747,9648,9750,1474,0.0
2020-07-15,9867,9876,9804,9830,85,0.00820512820512831
2020-07-16,9809,9819,9787,9820,55,-0.0010172939979654627
2020-07-17,9795,9795,9795,9797,5,-0.0023421588594704223
2020-07-20,9772,9772,9772,9772,5,-0.0025518015719098175
2020-07-21,9867,9914,9867,9916,49234,0.014735980352026168
2020-07-22,9900,9900,9900,9902,5,-0.0014118596208148038
2020-07-23,9824,9862,9787,9864,6205,-0.0038376085639264534
2020-07-24,9814,9824,9800,9802,34,-0.006285482562854772
2020-07-27,9900,9900,9900,9902,5,0.01020199959192003
2020-07-28,10052,10085,10038,10087,14,0.01868309432437898
2020-07-29,10067,10124,10067,10125,736,0.0037672251412710356
2020-07-30,10148,10148,10090,10125,2173,0.0
2020-07-31,10057,10100,10023,10053,573,-0.007111111111111068
2020-08-03,10062,10062,10062,10063,10,0.0009947279419078026
2020-08-04,10148,10205,10124,10206,179340,0.01421047401371367
2020-08-05,10223,10305,10223,10306,148,0.009798157946306008
2020-08-06,10405,10437,10375,10439,4439,0.012905103823015684
2020-08-07,10447,10491,10429,10491,136,0.00498132004981322
2020-08-10,10518,10628,10500,10630,1483,0.013249451911161891
2020-08-11,10623,10794,10623,10748,195631,0.011100658513640616
2020-08-12,10757,10784,10623,10787,4740,0.003628582061778962
2020-08-13,10875,10880,10662,10762,19934,-0.002317604523964012
2020-08-14,10742,10742,10623,10682,243,-0.00743356253484484
2020-08-18,10667,10714,10385,10425,169,-0.02405916495038385
2020-08-19,10491,10491,10491,10491,10,0.0063309352517986195
2020-08-20,10323,10323,10077,10129,91,-0.03450576684777429
2020-08-21,10271,10271,10200,10234,14,0.010366275051831408
2020-08-24,10223,10358,10223,10358,45,0.012116474496775442
2020-08-25,10366,10500,10366,10501,18,0.01380575400656503
2020-08-26,10518,10518,10518,10521,5,0.0019045805161412854
2020-08-27,10486,10486,10424,10425,25,-0.009124607927003092
2020-08-28,10442,10514,10414,10454,35,0.002781774580335794
2020-08-31,10491,10491,10305,10311,29,-0.013678974555194179
2020-09-01,10361,10400,10300,10373,172323,0.006012995829696388
2020-09-02,10414,10462,10371,10464,75,0.008772775474790384
2020-09-03,10575,10623,10566,10578,9403,0.01089449541284404
2020-09-04,10495,10495,10486,10487,6,-0.008602760446209112
2020-09-07,10566,10566,10566,10568,1,0.00772384857442554
2020-09-08,10623,10662,10595,10663,49310,0.008989401968205968
2020-09-09,10552,10552,10552,10553,0,-0.010316046140860902
2020-09-10,10662,10680,10618,10668,2144,0.0108973751539847
2020-09-11,10652,10652,10538,10630,1654,-0.0035620547431570726
2020-09-14,10757,10814,10757,10815,14,0.017403574788334986
2020-09-15,10814,10895,10814,10896,5412,0.007489597780860002
2020-09-16,10838,10890,10838,10891,3,-0.0004588839941263023
2020-09-17,10714,10780,10642,10700,3038,-0.017537416215223534
2020-09-18,10642,10695,10605,10687,1972,-0.001214953271028052
2020-09-21,10605,10605,10605,10605,0,-0.007672873584729123
2020-09-22,10471,10476,10291,10363,2092,-0.022819424799622845
2020-09-23,10361,10361,10361,10363,0,0.0
2020-09-24,10104,10104,10104,10107,5,-0.024703271253498027
2020-09-25,10156,10156,10134,10134,43,0.002671415850400649
2020-09-28,10276,10276,10276,10278,1,0.014209591474245054
2020-09-29,10400,10400,10300,10363,116,0.008270091457482032
2020-10-05,10375,10491,10375,10487,5449,0.011965647013413072
2020-10-06,10533,10533,10533,10535,20,0.004577095451511415
2020-10-07,10575,10575,10575,10578,2,0.004081632653061273
2020-10-08,10667,10705,10623,10705,10,0.01200605029306101
2020-10-12,10685,10723,10685,10725,67,0.0018682858477347963
2020-10-13,10776,10776,10667,10720,15,-0.0004662004662004948
2020-10-14,10642,10642,10638,10640,567466,-0.007462686567164201
2020-10-15,10533,10548,10462,10535,393,-0.009868421052631526
2020-10-16,10462,10471,10348,10472,81533,-0.005980066445182675
2020-10-19,10528,10543,10476,10487,3954,0.0014323911382734256
2020-10-20,10481,10523,10343,10525,10330,0.003623533899113296
2020-10-21,10543,10595,10514,10596,100581,0.006745843230403725
2020-10-22,10481,10491,10405,10444,946,-0.014345035862589617
2020-10-23,10442,10528,10424,10530,9271,0.008234392952891634
2020-10-26,10500,10548,10429,10464,4426,-0.0062678062678063196
2020-10-27,10371,10447,10366,10401,5150,-0.006020642201834847
2020-10-28,10405,10466,10405,10464,21936,0.006057109893279566
2020-10-29,10343,10390,10233,10392,22940,-0.006880733944954143
2020-10-30,10309,10323,10129,10164,3554,-0.021939953810623525
2020-11-02,10085,10276,10085,10273,30980,0.010724124360488085
2020-11-03,10358,10466,10353,10467,59778,0.01888445439501596
2020-11-04,10523,10523,10523,10525,1,0.0055412248017578936
2020-11-05,10670,10732,10652,10725,214,0.019002375296912177
2020-11-06,10752,10752,10752,10753,0,0.0026107226107225934
2020-11-09,10909,10937,10871,10920,8,0.015530549614061195
2020-11-10,10937,10937,10932,10934,803139,0.0012820512820512775
2020-11-11,11009,11080,10985,11082,1065,0.013535760014633302
2020-11-12,11019,11066,10966,11034,4743,-0.0043313481321061165
2020-11-13,10957,11128,10957,11129,551,0.008609751676635913
2020-11-16,11294,11341,11252,11343,175,0.01922904124359781
2020-11-17,11375,11380,11275,11329,40420,-0.0012342413823503984
2020-11-18,11313,11366,11313,11367,1052,0.0033542236737575948
2020-11-19,11280,11380,11280,11381,1160,0.0012316354359109827
2020-11-20,11394,11423,11361,11424,590,0.0037782268693435928
2020-11-23,11632,11632,11632,11634,1051,0.018382352941176405
2020-11-24,11632,11699,11617,11686,7969,0.004469657899260682
2020-11-25,11723,11723,11570,11577,1886,-0.009327400308060896
2020-11-26,11575,11694,11570,11695,1074,0.010192623304828619
2020-11-27,11684,11732,11642,11733,2835,0.0032492518170157414
2020-11-30,11694,11708,11560,11563,29720,-0.014489047984317716
2020-12-01,11680,11737,11590,11728,66699,0.014269653204185717
2020-12-02,11851,11912,11822,11915,1078,0.015944747612551158
2020-12-03,11903,12004,11870,12004,3744,0.007469576164498504
2020-12-04,12165,12165,12089,12166,1064,0.013495501499500184
2020-12-07,12141,12246,12094,12247,8383,0.006657899062962436
2020-12-08,12132,12136,12009,12047,9763,-0.016330529925696058
2020-12-09,12156,12274,12122,12276,4925,0.01900888187930616
2020-12-10,12241,12279,12237,12238,1078,-0.0030954708374063555
2020-12-11,12265,12341,12265,12343,1081,0.008579833306095797
2020-12-14,12312,12370,12289,12299,1113,-0.0035647735558616
2020-12-15,12203,12265,12127,12267,27824,-0.0026018375477681044
2020-12-16,12346,12346,12255,12346,9419,0.006440042390152501
2020-12-17,12346,12346,12213,12314,473013,-0.002591932609752101
2020-12-18,12361,12361,12246,12343,3991,0.002355043040441762
2020-12-21,12260,12346,12260,12346,1065,0.00024305274244507125
2020-12-22,12304,12304,12084,12134,13049,-0.017171553539607975
2020-12-23,12161,12299,12022,12299,2019,0.013598153947585345
2020-12-24,12393,12522,12366,12495,1111,0.015936254980079667
2020-12-28,12641,12655,12422,12528,134885,0.002641056422568955
2020-12-29,12770,12793,12612,12795,4078,0.021312260536398453
2020-12-30,12779,13040,12779,13042,8246,0.01930441578741693
2021-01-04,13117,13350,13088,13351,11593,0.023692685170985994
2021-01-05,13246,13540,13246,13541,17970,0.014231143734551699
2021-01-06,13693,13693,13354,13447,94030,-0.0069418802156413495
2021-01-07,13516,13773,13511,13750,197492,0.022532906968097066
2021-01-08,13902,14277,13868,14279,146579,0.038472727272727214
2021-01-11,14454,14787,14007,14317,16282,0.002661250787870273
2021-01-12,14174,14230,13782,14194,2593,-0.00859118530418379
2021-01-13,14211,14292,14169,14274,7178,0.0056361843032266545
2021-01-14,14134,14282,14134,14274,2227,0.0
2021-01-15,14321,14321,13977,14012,1168,-0.018355051141936363
2021-01-18,13764,13925,13621,13670,1300,-0.02440765058521266
2021-01-19,13668,14072,13668,14060,5960,0.028529626920263285
2021-01-20,14263,14263,14072,14164,1069,0.007396870554765345
2021-01-21,14226,14378,14129,14379,18165,0.015179327873481974
2021-01-22,14378,14439,14196,14199,398534,-0.012518255789693344
2021-01-25,14221,14558,14221,14561,297851,0.0254947531516303
2021-01-26,14368,14368,14149,14260,1931,-0.0206716571664034
2021-01-27,14235,14401,14087,14179,1565,-0.0056802244039270144
2021-01-28,13907,14007,13821,13927,1223,-0.017772762536145015
2021-01-29,13950,13950,13479,13566,37965,-0.02592087312414737
2021-02-01,13563,13902,13555,13903,1908,0.024841515553589932
2021-02-02,13902,14221,13902,14089,1256,0.013378407537941506
2021-02-03,13812,14249,13812,14251,1919,0.011498332032081837
2021-02-04,14144,14144,13911,14070,4668,-0.012700863097326542
2021-02-05,14107,14186,13997,14189,1580,0.008457711442786175
2021-02-08,14112,14149,14016,14032,1152,-0.01106490943688776
2021-02-09,14040,14144,13930,14003,156060,-0.0020667046750284523
2021-02-10,13982,14054,13888,14050,1156,0.003356423623509297
2021-02-15,14277,14277,14178,14279,1934,0.016298932384341658
2021-02-16,14244,14354,14216,14355,8392,0.005322501575740546
2021-02-17,14354,14354,14107,14246,2442,-0.0075931731104145195
2021-02-18,14072,14072,13977,14003,19419,-0.01705741962656182
2021-02-19,14011,14082,13883,14084,1100,0.005784474755409663
2021-02-22,14082,14082,13920,13980,1320,-0.007384265833569992
2021-02-23,13812,13954,13720,13918,1241,-0.004434907010014255
2021-02-24,13835,13835,13616,13618,1220,-0.021554821094984966
2021-02-25,13777,14092,13777,14094,1286,0.034953737700102794
2021-02-26,13698,13698,13698,13698,1051,-0.028097062579821253
2021-03-02,14040,14040,13693,13841,2426,0.01043948021608987
2021-03-03,13807,13982,13720,13984,2091,0.010331623437612958
2021-03-04,13839,13864,13698,13837,1117,-0.010512013729977121
2021-03-05,13645,13755,13568,13755,1289,-0.005926140059261398
2021-03-08,13750,13816,13578,13641,1428,-0.0082878953107961
2021-03-09,13550,13555,13279,13541,1646,-0.007330840847445175
2021-03-10,13621,13621,13383,13456,1085,-0.006277232109888509
2021-03-11,13506,13707,13506,13708,2817,0.018727705112960846
2021-03-12,13849,13888,13787,13889,1384,0.013203968485555828
2021-03-15,13807,13873,13802,13851,1107,-0.002735978112175075
2021-03-16,13849,13935,13835,13937,1391,0.0062089379828171865
2021-03-17,13797,13844,13740,13846,1060,-0.006529382219989999
2021-03-18,13945,13973,13925,13942,1104,0.006933410371226412
2021-03-19,13768,13826,13768,13827,1059,-0.008248457897001904
2021-03-22,13826,13826,13826,13827,1051,0.0
2021-03-23,13868,13868,13659,13713,2319,-0.008244738555001074
2021-03-24,13688,13688,13688,13688,1051,-0.0018230875811273695
2021-03-25,13688,13755,13688,13755,1061,0.004894798363530128
2021-03-26,13773,13878,13750,13879,1063,0.009014903671392238
2021-03-29,13883,13897,13883,13898,11,0.0013689747099934202
2021-03-30,14087,14087,14087,14089,1051,0.013742984602101105
2021-03-31,14121,14129,14016,14050,1160,-0.0027681169706863518
2021-04-01,14159,14183,14082,14184,1064,0.009537366548042714
2021-04-02,14282,14329,14226,14332,2526,0.010434292160180547
2021-04-05,14325,14378,14287,14379,1175,0.0032793748255650623
2021-04-06,14378,14420,14277,14422,3837,0.002990472216426676
2021-04-07,14473,14473,14473,14474,1051,0.0036056025516570944
2021-04-08,14449,14491,14378,14494,3807,0.0013817880337156918
2021-04-09,14406,14439,14406,14441,148,-0.003656685525044834
2021-04-12,14454,14473,14454,14474,1063,0.0022851603074578453
2021-04-13,14454,14568,14454,14568,2095,0.006494403758463552
2021-04-14,14553,14553,14553,14556,3,-0.0008237232289950436
2021-04-15,14644,14654,14644,14655,1052,0.006801319043693299
2021-04-16,14677,14677,14677,14679,1051,0.0016376663254862311
2021-04-19,14677,14691,14620,14693,36601,0.0009537434430137992
2021-04-20,14787,14787,14787,14788,1051,0.0064656639215954215
2021-04-21,14553,14583,14553,14583,1054,-0.013862591290235371
2021-04-22,14587,14605,14583,14608,1131,0.0017143248988549242
2021-04-23,14601,14672,14601,14674,1064,0.004518072289156683
2021-04-26,14658,14806,14658,14807,1134,0.009063649993185319
2021-04-27,14825,14825,14715,14821,5465,0.0009454987505910228
2021-04-28,14672,14672,14639,14655,1073,-0.011200323864786421
2021-04-29,14654,14673,14562,14645,2009,-0.0006823609689525778
2021-04-30,14596,14596,14427,14510,100166,-0.009218163195629958
2021-05-03,14436,14436,14436,14437,1034,-0.005031013094417669
2021-05-04,14339,14446,14339,14447,63,0.0006926646810279102
2021-05-06,14591,14669,14529,14669,1965,0.015366512078632155
2021-05-07,14692,14775,14692,14776,1241,0.007294294089576603
2021-05-10,14953,15002,14935,15003,1053,0.01536275040606383
2021-05-11,14862,14862,14688,14839,46778,-0.01093114710391252
2021-05-12,14649,14659,14412,14592,39816,-0.016645326504481472
2021-05-13,14489,14489,14354,14360,1098,-0.01589912280701755
2021-05-14,14359,14484,14359,14486,39889,0.008774373259052837
2021-05-17,14393,14412,14257,14384,38270,-0.007041281237056496
2021-05-18,14567,14567,14567,14568,1034,0.012791991101223532
2021-05-20,14484,14484,14484,14486,1120,-0.00562877539813289
2021-05-21,14582,14582,14461,14461,1036,-0.0017258042247687566
2021-05-24,14441,14441,14374,14374,1040,-0.006016181453564751
2021-05-25,14470,14480,14465,14481,1044,0.0074439961040768665
2021-05-26,14480,14480,14436,14466,1049,-0.0010358400662937584
2021-05-27,14339,14364,14329,14364,61,-0.00705101617586068
2021-05-28,14456,14547,14456,14549,1047,0.012879420774157602
2021-05-31,14547,14615,14465,14616,1658,0.004605127500171724
2021-06-01,14615,14697,14529,14699,93179,0.005678708264915233
2021-06-02,14707,14717,14692,14717,1166,0.0012245731002109572
2021-06-03,14813,14843,14813,14844,6204,0.008629476116056356
2021-06-04,14790,14790,14664,14785,2435,-0.003974669900296379
2021-06-07,14785,14785,14785,14785,0,0.0
2021-06-08,14741,14794,14741,14795,1035,0.000676361176868534
2021-06-09,14625,14625,14625,14626,1034,-0.01142277796552893
2021-06-10,14639,14654,14635,14636,1046,0.0006837139340900578
2021-06-11,14765,14765,14765,14767,1034,0.008950532932495259
2021-06-14,14760,14760,14760,14762,1034,-0.00033859280828874017
2021-06-15,14760,14760,14712,14713,19,-0.003319333423655313
2021-06-16,14862,14886,14828,14887,17631,0.011826276082376186
2021-06-17,14790,14813,14785,14810,1243,-0.005172297978101703
2021-06-18,14770,14804,14770,14800,1066,-0.0006752194463200967
2021-06-21,14615,14678,14615,14679,1041,-0.008175675675675675
2021-06-22,14702,14809,14702,14810,1052,0.008924313645343629
2021-06-23,14809,14813,14760,14815,1069,0.0003376097231599928
2021-06-24,14886,14886,14886,14887,1034,0.0048599392507593375
2021-06-25,14978,14978,14958,14965,1063,0.0052394706791158985
2021-06-28,14963,14963,14925,14925,80,-0.0026729034413631725
2021-06-29,14963,14963,14823,14907,1681,-0.001206030150753823
2021-06-30,14905,14963,14905,14965,1036,0.0038907895619506583
2021-07-01,14953,14953,14813,14897,96731,-0.0045439358503174265
2021-07-02,14896,14896,14891,14892,1043,-0.0003356380479291321
2021-07-05,14910,14920,14910,14921,1035,0.00194735428417947
2021-07-06,15012,15012,15012,15013,1034,0.00616580658132837
2021-07-07,14988,14988,14915,14917,24,-0.006394458136281922
2021-07-08,14910,14910,14727,14727,1471,-0.012737145538647132
2021-07-09,14596,14596,14489,14563,1196,-0.011136008691518984
2021-07-12,14673,14697,14673,14699,1086,0.009338735150724364
2021-07-13,14794,14794,14794,14795,1034,0.0065310565344580684
2021-07-14,14765,14765,14765,14767,1034,-0.0018925312605609923
2021-07-15,14862,14862,14862,14863,1034,0.006500981919143944
2021-07-16,14823,14823,14823,14824,1034,-0.002623965552042029
2021-07-19,14644,14644,14644,14645,1034,-0.0120750134916352
2021-07-20,14533,14615,14509,14616,26365,-0.001980198019801982
2021-07-21,14537,14537,14537,14539,1034,-0.005268199233716464
2021-07-22,14615,14697,14615,14699,1073,0.01100488341701622
2021-07-23,14732,14732,14732,14732,1034,0.00224505068371994
2021-07-26,14697,14697,14620,14621,1104,-0.007534618517512914
2021-07-27,14649,14664,14596,14664,15348,0.002940975309486449
2021-07-28,14664,14664,14582,14655,1036,-0.0006137479541734603
2021-07-29,14654,14702,14644,14704,3149,0.0033435687478675646
2021-07-30,14673,14673,14480,14534,2645,-0.011561479869423241
2021-08-02,14529,14610,14417,14612,110766,0.005366726296958779
2021-08-03,14533,14669,14529,14669,1602,0.0039009033670955873
2021-08-04,14644,14877,14644,14877,1035,0.014179562342354624
2021-08-05,14843,14847,14765,14848,2994,-0.0019493177387914784
2021-08-06,14727,14804,14727,14805,1041,-0.002896012931034475
2021-08-09,14727,14727,14727,14727,1034,-0.005268490374873314
2021-08-10,14577,14625,14537,14626,1070,-0.006858151694167147
2021-08-11,14509,14524,14451,14524,1552,-0.006973882127717768
2021-08-12,14524,14524,14417,14466,1104,-0.003993390250619622
2021-08-13,14359,14359,14113,14253,1117,-0.014724180837826673
2021-08-17,14078,14078,14078,14080,103,-0.012137795551813602
2021-08-18,14113,14113,14113,14113,232,0.002343750000000089
2021-08-19,14059,14059,13827,13828,193,-0.020194147240133242
2021-08-20,13682,13682,13595,13634,182,-0.014029505351460858
2021-08-23,13720,13768,13720,13770,1040,0.009975062344139696
2021-08-24,13875,14078,13875,14080,1086,0.02251270878721856
2021-08-25,14059,14122,13948,14123,3888,0.0030539772727273817
2021-08-26,14083,14083,14030,14031,1038,-0.0065141967004177515
2021-08-27,14025,14025,14025,14026,1034,-0.0003563537880407752
2021-08-30,14069,14088,14011,14089,1090,0.004491658348780847
2021-08-31,14078,14354,14078,14355,1038,0.018879977287245442
2021-09-01,14339,14407,14281,14384,1086,0.002020202020202033
2021-09-02,14325,14329,14301,14302,1194,-0.00570077864293661
2021-09-03,14379,14422,14379,14423,1035,0.008460355195077707
2021-09-06,14402,14451,14334,14452,3806,0.0020106773902794917
2021-09-07,14306,14407,14291,14408,4240,-0.003044561306393634
2021-09-08,14281,14334,14262,14336,1042,-0.0049972237645752315
2021-09-09,14136,14136,14126,14128,1035,-0.014508928571428603
2021-09-10,14064,14194,14064,14196,1076,0.004813137032842585
2021-09-13,14117,14194,14117,14196,1769,0.0
2021-09-14,14214,14262,14214,14263,1307,0.004719639335023951
2021-09-15,14291,14291,14257,14278,1173,0.001051672158732364
2021-09-16,14228,14228,14131,14215,659,-0.004412382686650784
2021-09-17,14180,14243,14083,14244,1883,0.0020400984875132977
2021-09-23,14131,14166,14078,14166,1039,-0.0054759898904801485
2021-09-24,14151,14151,14122,14123,1035,-0.0030354369617393573
2021-09-27,14059,14194,14059,14176,1525,0.003752743751327614
2021-09-28,14045,14078,14001,14041,1115,-0.009523137697516892
2021-09-29,13880,13880,13768,13881,1037,-0.01139519977209602
2021-09-30,13923,13933,13880,13920,1140,0.0028095958504430474
2021-10-01,13788,13788,13600,13654,1316,-0.01910919540229883
2021-10-05,13464,13464,13242,13306,85,-0.0254870367657829
2021-10-06,13430,13430,13126,13126,1037,-0.013527731850293101
2021-10-07,13285,13382,13276,13383,1053,0.0195794606125248
2021-10-08,13382,13382,13367,13369,1054,-0.0010461032653366065
2021-10-12,13149,13194,13149,13194,1049,-0.013089984292018797
2021-10-13,13295,13334,13242,13334,1046,0.010610883735031162
2021-10-14,13411,13489,13411,13489,1036,0.011624418779061063
2021-10-15,13619,13629,13614,13620,1039,0.00971161687300759
2021-10-18,13614,13614,13614,13615,1034,-0.00036710719530097524
2021-10-19,13687,13692,13619,13692,1085,0.005655526992287996
2021-10-20,13697,13697,13619,13620,1035,-0.005258545135845782
2021-10-21,13638,13638,13542,13586,13865,-0.0024963289280469647
2021-10-22,13532,13580,13522,13577,20159,-0.0006624466362431525
2021-10-25,13629,13629,13629,13630,1,0.0039036606024895892
2021-10-26,13682,13764,13682,13765,14,0.009904622157006493
2021-10-27,13585,13629,13585,13630,1050,-0.00980748274609522
2021-10-28,13590,13590,13590,13591,1034,-0.002861335289801925
2021-10-29,13430,13430,13411,13412,1035,-0.013170480465013568
2021-11-01,13420,13469,13420,13436,1204,0.001789442290486054
2021-11-02,13580,13614,13580,13615,1054,0.013322417386126828
2021-11-03,13445,13445,13445,13446,1034,-0.012412780022034497
2021-11-04,13503,13503,13503,13504,1034,0.004313550498289409
2021-11-05,13416,13445,13416,13446,1035,-0.004295023696682443
2021-11-08,13266,13440,13266,13441,1036,-0.00037185780157666937
2021-11-09,13440,13440,13319,13436,1046,-0.00037199613124028197
2021-11-10,13285,13285,13246,13272,1046,-0.012206013694551987
2021-11-11,13237,13237,13237,13238,1034,-0.0025617842073538677
2021-11-12,13362,13454,13362,13456,1036,0.016467744372261617
2021-11-15,13498,13575,13454,13577,1036,0.008992271105826344
2021-11-16,13493,13556,13459,13557,1083,-0.0014730794726375285
2021-11-17,13372,13397,13309,13397,14027,-0.011802021096112725
2021-11-18,13261,13314,13203,13291,20303,-0.007912219153541789
2021-11-19,13290,13411,13290,13412,1044,0.00910390489805124
2021-11-22,13450,13556,13450,13557,146,0.010811213838353817
2021-11-23,13542,13542,13542,13542,103,-0.001106439477760568
2021-11-24,13600,13600,13397,13532,1080,-0.0007384433613941699
2021-11-25,13416,13416,13416,13417,1034,-0.008498374224061522
2021-11-26,13149,13198,13136,13199,1065,-0.016248043526868927
2021-11-29,13092,13092,12981,13044,1048,-0.011743313887415674
2021-11-30,12869,12869,12725,12725,1035,-0.024455688439129153
2021-12-01,12826,13039,12806,13039,1311,0.024675834970530497
2021-12-02,13116,13251,13116,13252,1060,0.016335608558938564
2021-12-03,13174,13352,13174,13354,1075,0.007696951403561636
2021-12-06,13222,13411,13222,13407,1045,0.003968848285158089
2021-12-07,13411,13498,13387,13499,1073,0.0068620869694935305
2021-12-08,13517,13527,13493,13528,1037,0.002148307282020978
2021-12-09,13527,13643,13507,13644,1131,0.008574807806031925
2021-12-10,13532,13556,13527,13557,1046,-0.006376429199648204
2021-12-13,13624,13624,13624,13625,6,0.005015858965847997
2021-12-14,13397,13464,13349,13465,1063,-0.011743119266055091
2021-12-15,13459,13459,13459,13460,1034,-0.00037133308577796953
2021-12-16,13489,13489,13489,13489,6,0.0021545319465081647
2021-12-17,13595,13595,13595,13595,1034,0.007858254874341997
2021-12-20,13329,13329,13329,13329,1,-0.01956601691798454
2021-12-21,13498,13498,13498,13499,0,0.012754145097156666
2021-12-22,13406,13484,13392,13484,2120,-0.001111193421734935
2021-12-23,13484,13484,13484,13484,0,0.0
2021-12-24,13570,13595,13570,13595,1035,0.008231978641352722
2021-12-27,13537,13537,13537,13537,1034,-0.004266274365575584
2021-12-28,13575,13575,13575,13577,0,0.0029548644455934525
2021-12-29,13633,13633,13633,13634,0,0.004198276497016984
2021-12-30,13638,13658,13580,13634,2185,0.0
2022-01-03,13672,13672,13672,13673,1034,0.002860495819275277
2022-01-04,13667,13715,13667,13717,1035,0.0032180209171359664
2022-01-05,13570,13575,13570,13577,1052,-0.010206313333819383
2022-01-06,13489,13489,13435,13436,1035,-0.010385210282094715
2022-01-07,13595,13595,13595,13595,1034,0.011833879130693559
2022-01-10,13425,13479,13425,13479,1046,-0.008532548731151168
2022-01-11,13454,13454,13454,13456,1034,-0.0017063580384301114
2022-01-12,13667,13667,13667,13668,103,0.015755053507728878
2022-01-13,13609,13624,13605,13625,111,-0.0031460345332162687
2022-01-14,13484,13484,13435,13451,1552,-0.01277064220183488
2022-01-17,13425,13425,13295,13296,207,-0.011523306817337042
2022-01-18,13194,13194,13194,13194,1034,-0.00767148014440433
2022-01-19,13189,13189,13048,13103,123,-0.006897074427770211
2022-01-20,13194,13194,13194,13194,103,0.00694497443333586
2022-01-21,13092,13092,13058,13059,104,-0.01023192360163716
2022-01-24,12855,12855,12855,12856,103,-0.01554483497970749
2022-01-25,12725,12725,12458,12527,178,-0.025591163658991944
2022-01-26,12507,12507,12507,12507,103,-0.001596551448870387
2022-01-27,12177,12177,12134,12135,187,-0.02974334372751264
2022-01-28,12448,12448,12448,12449,1035,0.025875566543057227
2022-02-03,12676,12676,12652,12653,104,0.016386858382199332
2022-02-04,12768,12768,12768,12768,103,0.009088753655259518
2022-02-07,12603,12680,12603,12682,105,-0.006735588972431095
2022-02-08,12680,12680,12680,12682,103,0.0
2022-02-09,12864,12864,12864,12865,103,0.01442990064658578
2022-02-10,12860,12860,12860,12860,12,-0.0003886513797124458
2022-02-11,12792,12792,12738,12783,107,-0.005987558320373232
2022-02-14,12575,12575,12575,12575,0,-0.01627161073300476
2022-02-15,12497,12497,12497,12498,1,-0.006123260437375766
2022-02-16,12690,12690,12690,12691,103,0.015442470795327345
2022-02-17,12729,12729,12729,12730,3,0.0030730438893704637
2022-02-18,12671,12787,12671,12788,10627,0.004556166535742312
2022-02-21,12647,12733,12647,12730,21271,-0.0045355020331561136
2022-02-22,12623,12628,12492,12614,21696,-0.009112333071484735
2022-02-23,12715,12715,12715,12715,103,0.008006976375455777
2022-02-24,12405,12405,12405,12406,103,-0.0243020055053087
2022-02-25,12482,12482,12482,12483,0,0.006206674189908057
2022-02-28,12642,12642,12642,12643,1034,0.012817431707121685
2022-03-02,12666,12666,12666,12667,103,0.0018982836352132715
2022-03-03,12893,12893,12893,12895,103,0.01799952632825441
2022-03-04,12729,12729,12729,12730,0,-0.012795657231485125
2022-03-07,12453,12458,12453,12459,104,-0.021288295365278875
2022-03-08,12322,12322,12318,12319,104,-0.011236856890601166
2022-03-10,12517,12517,12517,12517,117,0.016072733176394127
2022-03-11,12521,12521,12521,12522,103,0.00039945673883523547
2022-03-14,12487,12487,12487,12488,103,-0.0027152212106692497
2022-03-15,12362,12362,12362,12362,103,-0.010089686098654682
2022-03-16,12395,12525,12376,12527,13191,0.013347354796958477
2022-03-17,12690,12690,12690,12691,103,0.013091721880737595
2022-03-18,12715,12729,12715,12730,104,0.0030730438893704637
2022-03-21,12642,12642,12642,12643,103,-0.006834249803613468
2022-03-22,12753,12753,12753,12755,103,0.008858656964328082
2022-03-23,12884,12884,12884,12885,1034,0.010192081536652298
2022-03-24,12733,12738,12733,12740,1739,-0.011253395421032208
2022-03-25,12778,12792,12773,12773,114,0.002590266875981184
2022-03-28,12738,12782,12738,12783,104,0.0007829014327096484
2022-03-29,12821,12850,12821,12836,414,0.004146131581006074
2022-03-30,12835,12835,12835,12836,103,0.0
2022-03-31,12888,12903,12869,12904,1139,0.005297600498597621
2022-04-01,12811,12850,12792,12851,1145,-0.00410725356478614
2022-04-04,12826,12928,12821,12928,38829,0.005991751614660368
2022-04-05,12903,12903,12826,12846,38723,-0.006342821782178265
2022-04-06,12811,12811,12811,12812,103,-0.0026467382842908505
2022-04-07,12705,12705,12671,12672,205,-0.0109272556977833
2022-04-08,12671,12671,12671,12672,103,0.0
2022-04-11,12661,12695,12661,12696,116,0.0018939393939394478
2022-04-12,12593,12593,12588,12590,207,-0.008349086326401967
2022-04-13,12632,12792,12632,12793,208,0.01612390786338369
2022-04-14,12782,12782,12782,12783,207,-0.0007816774798717896
2022-04-15,12695,12710,12685,12710,212,-0.005710709536102643
2022-04-18,12632,12690,12632,12691,207,-0.0014948859166010742
2022-04-19,12768,12821,12768,12822,104,0.010322275628398048
2022-04-20,12821,12850,12821,12851,207,0.0022617376384339583
2022-04-21,12850,12850,12850,12851,0,0.0
2022-04-22,12720,12720,12720,12720,1034,-0.010193759240526012
2022-04-25,12632,12632,12632,12633,103,-0.006839622641509391
2022-04-26,12666,12666,12666,12667,103,0.0026913638882293256
2022-04-27,12517,12517,12517,12517,103,-0.011841793637009546
2022-04-28,12561,12649,12561,12650,204,0.010625549253015842
2022-04-29,12639,12747,12639,12738,112,0.006956521739130528
2022-05-02,12674,12762,12669,12762,306,0.0018841262364579503
2022-05-03,12752,12752,12737,12738,204,-0.0018805829807240215
2022-05-04,12747,12747,12703,12704,205,-0.0026691788349819667
2022-05-06,12551,12580,12551,12581,204,-0.009681989924433254
2022-05-09,12473,12473,12394,12395,207,-0.014784198394404258
2022-05-10,12257,12320,12178,12321,217,-0.005970149253731294
2022-05-11,12257,12276,12242,12277,284,-0.003571138706273791
2022-05-12,12168,12168,12124,12125,204,-0.012380874806548814
2022-05-13,12365,12365,12365,12365,102,0.019793814432989665
2022-05-16,12379,12379,12379,12380,102,0.0012131014961584974
2022-05-17,12379,12458,12379,12458,200,0.006300484652665528
2022-05-18,12536,12536,12477,12478,204,0.001605394124257531
2022-05-19,12178,12316,12178,12316,204,-0.012982849815675546
2022-05-20,12355,12517,12345,12517,205,0.01632023384215664
2022-05-23,12536,12536,12517,12517,204,0.0
2022-05-24,12473,12473,12335,12336,204,-0.014460333945833681
2022-05-25,12379,12379,12379,12380,102,0.003566796368352776
2022-05-26,12340,12340,12340,12341,102,-0.003150242326332764
2022-05-27,12473,12473,12473,12473,102,0.01069605380439187
2022-05-30,12571,12610,12571,12610,204,0.010983724845666565
2022-05-31,12595,12669,12595,12669,6219,0.004678826328310848
2022-06-02,12585,12590,12541,12591,6218,-0.0061567605967322026
2022-06-03,12571,12571,12571,12571,0,-0.0015884361845762696
2022-06-07,12492,12492,12458,12458,204,-0.008988942804868394
2022-06-08,12409,12423,12409,12424,204,-0.002729170011237736
2022-06-09,12340,12340,12340,12341,102,-0.00668061815840304
2022-06-10,12159,12242,12154,12242,71495,-0.008022040353293902
2022-06-13,11815,11815,11815,11816,102,-0.03479823558242112
2022-06-14,11648,11747,11644,11747,37847,-0.005839539607312094
2022-06-15,11693,11693,11545,11546,204,-0.01711075168128029
2022-06-16,11702,11702,11545,11575,14577,0.0025116923609909136
2022-06-17,11487,11487,11487,11487,102,-0.007602591792656543
2022-06-20,11516,11516,11516,11517,102,0.002611647949856355
2022-06-21,11335,11335,11335,11335,102,-0.015802726404445577
2022-06-22,11335,11335,11016,11065,245,-0.02382002646669612
2022-06-23,10834,10834,10834,10835,1,-0.020786262991414395
2022-06-24,11030,11030,11030,11031,0,0.01808952468850955
2022-06-27,11241,11271,11241,11271,103,0.021756867011150316
2022-06-28,11295,11339,11295,11340,204,0.006121905775885006
2022-06-29,11217,11217,11187,11188,205,-0.013403880070546714
2022-06-30,11109,11119,10991,10997,146,-0.01707186271004646
2022-07-01,10962,10962,10864,10864,1040,-0.012094207511139432
2022-07-04,10878,10878,10878,10879,1019,0.0013807069219440304
2022-07-05,10952,10952,10952,10953,0,0.006802095780862105
2022-07-06,10731,10731,10731,10732,0,-0.02017712042362818
2022-07-07,10869,10869,10869,10869,0,0.01276556093924719
2022-07-08,10962,10962,10962,10962,0,0.00855644493513652
2022-07-11,11001,11001,10972,10972,38,0.0009122422915526229
2022-07-12,10849,10849,10849,10850,0,-0.011119212541013446
2022-07-13,10849,10849,10849,10850,0,0.0
2022-07-14,10849,10849,10849,10850,0,0.0
2022-07-15,10849,10849,10849,10850,0,0.0
2022-07-18,11055,11055,11055,11056,1,0.018986175115207393
2022-07-19,11045,11045,11045,11046,1,-0.0009044862518089447
2022-07-20,11192,11202,11153,11178,48406,0.01195002715915261
2022-07-21,11148,11251,11148,11252,1768,0.00662014671676503
2022-07-22,11192,11197,11178,11193,5371,-0.005243512264486272
2022-07-25,11192,11192,11192,11193,51,0.0
2022-07-26,11212,11212,11212,11212,1,0.0016974895023675884
2022-07-27,11187,11256,11187,11257,156,0.00401355690331795
2022-07-28,11349,11349,11349,11350,0,0.008261526161499555
2022-07-29,11447,11447,11442,11443,5,0.008193832599118878
2022-08-01,11442,11506,11438,11458,19763,0.001310845058114074
2022-08-02,11393,11393,11393,11394,0,-0.005585617036131918
2022-08-03,11428,11428,11428,11428,0,0.002984026680709073
2022-08-04,11496,11516,11482,11517,105,0.007787889394469616
2022-08-05,11555,11565,11555,11561,176,0.0038204393505252288
2022-08-08,11560,11560,11560,11561,43,0.0
2022-08-09,11609,11609,11609,11610,0,0.00423838768272633
2022-08-10,11595,11595,11590,11590,14,-0.0017226528854435985
2022-08-11,11673,11756,11673,11757,103,0.014408973252804103
2022-08-12,11742,11742,11707,11708,107,-0.004167729863060354
2022-08-16,11810,11835,11756,11762,126508,0.004612230953194407
2022-08-17,11761,11761,11673,11703,18721,-0.0050161537153545765
2022-08-18,11702,11702,11702,11703,0,0.0
2022-08-19,11629,11639,11609,11615,54392,-0.007519439459967581
2022-08-22,11531,11531,11531,11531,22,-0.007232027550581166
2022-08-23,11428,11428,11428,11428,0,-0.008932442979793564
2022-08-24,11442,11442,11442,11443,0,0.0013125656282813036
2022-08-25,11575,11575,11575,11575,0,0.011535436511404429
2022-08-26,11609,11609,11609,11610,0,0.0030237580993519586
2022-08-29,11379,11379,11359,11360,2,-0.021533161068044815
2022-08-30,11418,11418,11418,11418,43,0.005105633802816811
2022-08-31,11413,11609,11413,11610,17,0.016815554387808795
2022-09-01,11482,11482,11482,11482,5,-0.01102497846683892
2022-09-02,11320,11320,11286,11286,2,-0.017070196829820583
2022-09-05,11295,11295,11295,11296,102,0.0008860535176324902
2022-09-06,11379,11379,11315,11315,103,0.0016820113314448548
2022-09-07,11183,11183,11183,11183,0,-0.011665930181175455
2022-09-08,11183,11183,11183,11183,0,0.0
2022-09-13,11462,11462,11462,11463,13,0.025038004113386414
2022-09-14,11339,11339,11339,11340,0,-0.0107301753467679
2022-09-15,11310,11310,11310,11311,0,-0.0025573192239859432
2022-09-16,11207,11207,11207,11208,0,-0.009106179824949212
2022-09-19,11207,11207,11207,11208,1,0.0
2022-09-20,11178,11178,11138,11139,2,-0.006156316916488214
2022-09-21,11075,11075,11070,11070,2,-0.006194451925666589
2022-09-22,11035,11035,11035,11036,0,-0.0030713640469738346
2022-09-23,10967,10967,10932,10933,2,-0.009333091699891272
2022-09-26,10609,10609,10481,10482,34,-0.04125125766029447
2022-09-27,10481,10481,10481,10482,1,0.0
2022-09-28,10177,10177,10177,10178,2,-0.029002098836099943
2022-09-29,10427,10452,10319,10320,5,0.013951660444095015
2022-09-30,10226,10226,10226,10227,1,-0.009011627906976738
2022-10-04,10432,10481,10427,10482,29688,0.024933998239953015
2022-10-05,10481,10481,10481,10482,0,0.0
2022-10-06,10579,10579,10579,10580,0,0.009349360809005836
2022-10-07,10579,10579,10579,10580,0,0.0
2022-10-11,10408,10408,10408,10408,15,-0.01625708884688093
2022-10-12,10422,10422,10422,10423,0,0.0014411990776326267
2022-10-13,10280,10280,10280,10281,0,-0.013623716780197692
2022-10-14,10466,10466,10466,10467,0,0.018091625328275462
2022-10-17,10501,10501,10501,10501,0,0.003248304194134022
2022-10-18,10638,10638,10638,10639,0,0.013141605561375114
2022-10-19,10628,10628,10628,10629,0,-0.0009399379640944172
2022-10-20,10540,10540,10540,10541,0,-0.008279236052309735
2022-10-21,10496,10496,10496,10496,0,-0.004269044682667644
2022-10-24,10540,10540,10540,10541,0,0.004287347560975707
2022-10-25,10594,10594,10560,10580,9373,0.003699838724978699
2022-10-26,10574,10672,10565,10590,48514,0.000945179584120881
2022-10-27,10721,10790,10717,10756,37794,0.015675165250236045
2022-10-28,10721,10721,10721,10722,0,-0.0031610264038676172
2022-10-31,10800,10824,10780,10791,19351,0.0064353665360941115
2022-11-01,10908,11006,10908,11006,13602,0.01992401074969874
2022-11-02,11006,11006,11006,11006,0,0.0
2022-11-03,10991,10991,10991,10992,0,-0.0012720334363074404
2022-11-04,11026,11026,11026,11026,0,0.003093158660844253
2022-11-07,11138,11138,11138,11139,0,0.010248503537094056
2022-11-08,11232,11295,11232,11296,165,0.014094622497531129
2022-11-09,11349,11349,11349,11350,0,0.004780453257790418
2022-11-10,11344,11344,11339,11340,14,-0.0008810572687224516
2022-11-11,11521,11634,11521,11634,7,0.025925925925925908
2022-11-14,11604,11604,11604,11605,0,-0.0024926938284338673
2022-11-15,11599,11599,11599,11600,0,-0.0004308487720809939
2022-11-16,11595,11595,11595,11595,0,-0.0004310344827586077
2022-11-17,11418,11418,11418,11418,0,-0.015265200517464383
2022-11-18,11418,11418,11418,11418,0,0.0
2022-11-21,11276,11276,11266,11266,5,-0.013312313890348593
2022-11-22,11251,11251,11251,11252,163,-0.001242677081484067
2022-11-23,11320,11374,11305,11340,28257,0.007820831852115129
2022-11-24,11423,11423,11423,11423,0,0.007319223985890577
2022-11-25,11423,11423,11423,11423,0,0.0
2022-11-28,11339,11339,11339,11340,0,-0.007266042195570366
2022-11-29,11339,11339,11339,11340,1,0.0
2022-11-30,11536,11624,11536,11624,6,0.025044091710758387
2022-12-01,11678,11693,11604,11610,17692,-0.001204404679972515
2022-12-02,11570,11570,11462,11463,208,-0.012661498708010366
2022-12-05,11384,11384,11384,11384,5,-0.006891738637354927
2022-12-06,11246,11246,11246,11247,0,-0.012034434293745622
2022-12-07,11217,11217,11217,11217,0,-0.0026673779674579734
2022-12-08,11158,11158,11158,11159,0,-0.005170723009717437
2022-12-09,11119,11217,11119,11217,8909,0.00519759835110678
2022-12-12,11168,11187,11133,11149,11782,-0.006062226976910057
2022-12-13,11129,11129,11129,11129,31,-0.0017938828594492584
2022-12-14,11241,11241,11241,11242,0,0.010153652619282916
2022-12-15,11119,11119,11119,11119,0,-0.01094111368083972
2022-12-16,11119,11119,11119,11119,0,0.0
2022-12-19,11084,11084,11084,11085,0,-0.003057828941451568
2022-12-20,11075,11075,11075,11075,1,-0.0009021199819575498
2022-12-21,11016,11016,11016,11016,0,-0.005327313769751707
2022-12-22,11089,11104,11089,11105,55,0.008079157588961605
2022-12-23,10962,10962,10962,10962,53,-0.012877082395317374
2022-12-26,10952,10977,10913,10977,4443,0.0013683634373289344
2022-12-27,11011,11035,10986,11011,4551,0.003097385442288436
2022-12-28,10996,10996,10996,10997,1,-0.0012714558169103496
2022-12-29,10771,10771,10771,10771,0,-0.020551059379830816
2023-01-02,10815,10834,10663,10673,97532,-0.009098505245566768
2023-01-03,10653,10653,10653,10653,0,-0.001873887379368555
2023-01-04,10795,10795,10795,10796,0,0.013423448793767001
2023-01-05,10805,10805,10805,10805,31,0.000833642089662856
2023-01-06,10932,10932,10932,10933,0,0.011846367422489568
2023-01-09,11197,11197,11197,11198,0,0.02423854385804436
2023-01-10,11217,11217,11217,11217,14,0.0016967315592069099
2023-01-11,11232,11281,11217,11281,26834,0.005705625390032942
2023-01-12,11281,11281,11281,11281,0,0.0
2023-01-13,11369,11369,11369,11369,0,0.0078007268859143775
2023-01-16,11472,11472,11472,11472,1,0.009059723810361575
2023-01-17,11359,11359,11359,11360,2,-0.009762900976290068
2023-01-18,11281,11281,11281,11281,2,-0.006954225352112653
2023-01-19,11335,11335,11335,11335,0,0.004786809679993009
2023-01-20,0,0,0,11399,0,0.005646228495809424
2023-01-25,11570,11575,11570,11571,18854,0.015089042898499772
2023-01-26,11629,11683,11629,11683,23,0.009679370840895318
2023-01-27,11801,11801,11801,11801,0,0.010100145510570924
2023-01-30,11913,11913,11913,11914,1,0.009575459706804512
2023-01-31,11629,11629,11555,11556,12,-0.03004868222259527
2023-02-01,11644,11663,11580,11624,70544,0.005884389061959094
2023-02-02,11698,11698,11698,11698,0,0.006366139022711659
2023-02-03,11732,11732,11732,11732,0,0.0029064797401265885
2023-02-06,11599,11599,11599,11600,0,-0.011251278554381128
2023-02-07,11604,11604,11604,11605,0,0.0004310344827587187
2023-02-08,11742,11742,11742,11742,0,0.011805256355019278
2023-02-09,11742,11742,11742,11742,2,0.0
2023-02-10,11712,11712,11688,11708,86,-0.002895588485777534
2023-02-13,11653,11653,11653,11654,9,-0.004612230953194407
2023-02-14,11712,11712,11712,11713,0,0.005062639437103167
2023-02-15,11653,11653,11575,11575,11,-0.011781780927174967
2023-02-16,11732,11776,11722,11777,43,0.017451403887688954
2023-02-17,11668,11693,11668,11693,15,-0.007132546488919034
2023-02-20,11693,11693,11693,11693,0,0.0
2023-02-21,11796,11796,11737,11737,10,0.0037629350893697566
2023-02-22,11565,11565,11565,11566,1,-0.014569310726761486
2023-02-23,11614,11614,11614,11615,0,0.004236555421061716
2023-02-24,11585,11585,11585,11585,1,-0.00258286698235044
2023-02-27,11457,11457,11438,11438,11,-0.012688821752265822
2023-02-28,11526,11526,11526,11526,5,0.007693652736492362
2023-03-02,11595,11629,11501,11541,93349,0.0013014055179594308
2023-03-03,11555,11555,11555,11556,0,0.0012997140629060766
2023-03-06,11673,11673,11673,11674,0,0.01021114572516435
2023-03-07,11678,11678,11678,11678,1,0.00034264176803144863
2023-03-08,11609,11609,11609,11610,1,-0.005822914882685382
2023-03-09,11609,11609,11609,11610,1,0.0
2023-03-10,11423,11423,11408,11409,14,-0.017312661498708026
2023-03-13,11320,11320,11320,11320,1,-0.007800858970987812
2023-03-14,11241,11246,11173,11173,68878,-0.012985865724381651
2023-03-15,11246,11246,11246,11247,51,0.006623109281303163
2023-03-16,11148,11148,11148,11149,9,-0.00871343469369612
2023-03-17,11369,11393,11369,11394,195,0.02197506502825375
2023-03-20,11320,11320,11295,11296,32,-0.008601018079691047
2023-03-21,11364,11364,11305,11306,5303,0.0008852691218130815
2023-03-22,11389,11418,11374,11418,2015,0.009906244471961756
2023-03-23,11452,11452,11452,11453,0,0.0030653354352776496
2023-03-24,11452,11452,11452,11453,0,0.0
2023-03-27,11452,11452,11408,11409,112,-0.0038417881777700336
2023-03-28,11511,11511,11511,11512,0,0.009027960382154365
2023-03-29,11541,11541,11541,11541,0,0.0025191104933981467
2023-03-30,11619,11619,11619,11620,1,0.0068451607313058105
2023-03-31,11791,11791,11791,11791,5,0.014716006884681665
2023-04-03,11771,11796,11722,11747,101631,-0.0037316597404800644
2023-04-04,11805,11805,11771,11772,8,0.002128202945432811
2023-04-05,11776,11776,11776,11777,1,0.0004247366632688099
2023-04-06,11707,11707,11707,11708,0,-0.005858877473040702
2023-04-07,11781,11845,11781,11845,17,0.011701400751622737
2023-04-10,11845,11967,11845,11963,17,0.009962009286618834
2023-04-11,12021,12129,12021,12130,2,0.013959709103067874
2023-04-12,12134,12164,12134,12164,15,0.002802967848309912
2023-04-13,12144,12242,12114,12242,65707,0.006412364353830968
2023-04-14,12257,12262,12208,12262,26750,0.0016337199803952984
2023-04-17,12237,12252,12237,12252,3,-0.0008155276463872596
2023-04-18,12222,12276,12203,12277,17310,0.0020404831864184736
2023-04-19,12320,12345,12311,12321,2846,0.003583937444000984
2023-04-20,12286,12296,12242,12242,542,-0.006411817222628069
2023-04-21,12100,12110,12100,12105,42,-0.011190981865708216
2023-04-24,12061,12061,12061,12061,2,-0.0036348616274266554
2023-04-25,11835,11855,11835,11855,3,-0.01707984412569441
2023-04-26,11855,11855,11855,11855,0,0.0
2023-04-27,11885,11920,11885,11920,6,0.005482918599746922
2023-04-28,11930,11930,11930,11930,0,0.0008389261744965459
2023-05-02,12035,12105,12010,12105,67739,0.014668901927912925
2023-05-03,11960,11960,11960,11960,1,-0.011978521272201559
2023-05-04,11960,11960,11960,11960,0,0.0
2023-05-08,12010,12010,12010,12010,0,0.004180602006689016
2023-05-09,12010,12010,12010,12010,0,0.0
2023-05-10,12040,12040,12040,12040,13,0.0024979184013322886
2023-05-11,12030,12030,12030,12030,2,-0.0008305647840531893
2023-05-12,11890,11890,11890,11890,0,-0.011637572734829571
2023-05-15,11845,11845,11845,11845,36,-0.003784693019344032
2023-05-16,11880,11880,11880,11880,0,0.002954833262980072
2023-05-17,11945,11980,11945,11980,6,0.008417508417508435
2023-05-18,12050,12050,12050,12050,0,0.005843071786310494
2023-05-19,12140,12140,12140,12140,0,0.007468879668049766
2023-05-22,12215,12215,12215,12215,0,0.006177924217462882
2023-05-23,12260,12260,12260,12260,0,0.003683995088006542
2023-05-24,12270,12270,12270,12270,2,0.0008156606851550396
2023-05-25,12260,12260,12260,12260,0,-0.0008149959250203231
2023-05-26,12260,12260,12260,12260,0,0.0
2023-05-30,12345,12345,12345,12345,0,0.006933115823817282
2023-05-31,12330,12330,12330,12330,6,-0.0012150668286755595
2023-06-01,12270,12300,12260,12280,461,-0.0040551500405514584
2023-06-02,12360,12360,12360,12360,20,0.006514657980456029
2023-06-05,12500,12500,12500,12500,0,0.01132686084142387
2023-06-07,12500,12500,12500,12500,0,0.0
2023-06-08,12455,12455,12405,12405,10,-0.007600000000000051
2023-06-09,12595,12595,12595,12595,0,0.015316404675534079
2023-06-12,12580,12580,12570,12570,14,-0.001984914648670122
2023-06-13,12565,12565,12565,12565,18,-0.00039777247414474193
2023-06-14,12535,12535,12535,12535,0,-0.0023875845602865375
2023-06-15,12485,12485,12485,12485,0,-0.00398883127243721
2023-06-16,12500,12500,12500,12500,1,0.0012014417300760805
2023-06-19,12435,12435,12430,12430,14,-0.005600000000000049
2023-06-20,12430,12430,12425,12425,11,-0.0004022526146419958
2023-06-21,12345,12345,12345,12345,10,-0.006438631790744442
2023-06-22,12410,12410,12410,12410,6,0.0052652895909275355
2023-06-23,12355,12355,12355,12355,0,-0.004431909750201468
2023-06-26,12375,12375,12375,12375,0,0.0016187778227438887
2023-06-27,12430,12430,12430,12430,1,0.004444444444444473
2023-06-28,12370,12370,12370,12370,0,-0.00482703137570395
2023-06-29,12340,12340,12340,12340,0,-0.0024252223120452276
2023-06-30,12390,12425,12390,12425,3,0.006888168557536378
2023-07-03,12480,12550,12480,12520,138,0.007645875251508949
2023-07-04,12590,12590,12590,12590,1,0.005591054313099031
2023-07-05,12550,12550,12550,12550,11,-0.003177124702144596
2023-07-06,12400,12400,12365,12365,2,-0.014741035856573714
2023-07-07,12220,12220,12220,12220,4,-0.011726647796198919
2023-07-10,12285,12285,12275,12275,17,0.0045008183306056715
2023-07-11,12355,12355,12355,12355,0,0.006517311608961407
2023-07-12,12405,12405,12405,12405,0,0.004046944556859611
2023-07-13,12525,12525,12485,12485,8,0.006449012494961659
2023-07-14,12590,12620,12590,12620,3,0.010812975570684724
2023-07-17,12600,12600,12600,12600,1,-0.0015847860538826808
2023-07-18,12565,12565,12565,12565,0,-0.002777777777777768
2023-07-19,12565,12565,12565,12565,0,0.0
2023-07-20,12505,12505,12505,12505,6,-0.004775169120573075
2023-07-21,12500,12505,12500,12505,4,0.0
2023-07-24,12465,12560,12450,12560,5,0.004398240703718415
2023-07-25,12665,12665,12665,12665,0,0.00835987261146487
2023-07-26,12615,12665,12515,12515,6,-0.011843663639952595
2023-07-27,12550,12550,12475,12475,10,-0.0031961646024770696
2023-07-28,12450,12450,12450,12450,29,-0.002004008016032066
2023-07-31,12675,12675,12600,12675,25,0.01807228915662651
2023-08-01,12775,12810,12735,12805,3618,0.01025641025641022
2023-08-02,12710,12710,12600,12600,17,-0.016009371339320566
2023-08-03,12560,12560,12560,12560,3,-0.0031746031746031633
2023-08-04,12495,12495,12495,12495,0,-0.0051751592356688025
2023-08-07,12400,12400,12390,12390,12,-0.008403361344537785
2023-08-08,12345,12345,12345,12345,0,-0.003631961259079941
2023-08-09,12470,12470,12460,12460,2,0.0093155123531794
2023-08-10,12435,12435,12435,12435,13,-0.0020064205457464013
2023-08-11,12430,12430,12430,12430,0,-0.00040209087253717524
2023-08-14,12380,12380,12380,12380,1,-0.004022526146419958
2023-08-16,12085,12085,12085,12085,2,-0.023828756058158373
2023-08-17,12085,12085,12085,12085,0,0.0
2023-08-18,12015,12015,11975,11975,4,-0.009102192800993003
2023-08-21,12005,12005,12005,12005,0,0.0025052192066805645
2023-08-22,12040,12040,12040,12040,0,0.00291545189504383
2023-08-23,12040,12040,12040,12040,0,0.0
2023-08-24,12145,12145,12145,12145,0,0.008720930232558155
2023-08-25,12110,12110,12110,12110,0,-0.0028818443804035088
2023-08-28,12150,12150,12150,12150,0,0.003303055326176807
2023-08-29,12190,12190,12190,12190,0,0.003292181069958877
2023-08-30,12210,12210,12210,12210,0,0.001640689089417613
2023-08-31,12215,12215,12190,12190,11,-0.0016380016380016515
2023-09-01,12310,12325,12255,12315,14683,0.010254306808859637
2023-09-04,12285,12285,12285,12285,2,-0.0024360535931789995
2023-09-05,12365,12365,12365,12365,0,0.006512006512006563
2023-09-06,12465,12465,12465,12465,1,0.008087343307723316
2023-09-07,12265,12265,12265,12265,0,-0.016044925792218168
2023-09-08,12265,12265,12265,12265,0,0.0
2023-09-11,12340,12340,12325,12325,16,0.004891969017529529
2023-09-12,12265,12265,12265,12265,0,-0.004868154158215066
2023-09-13,12260,12260,12260,12260,0,-0.00040766408479409044
2023-09-14,12380,12380,12380,12380,0,0.00978792822185981
2023-09-15,12525,12525,12525,12525,0,0.011712439418416709
2023-09-18,12435,12435,12435,12435,0,-0.007185628742514938
2023-09-19,12345,12345,12345,12345,0,-0.007237635705669487
2023-09-20,12345,12345,12345,12345,0,0.0
2023-09-21,12165,12165,12165,12165,0,-0.014580801944106936
2023-09-22,12155,12155,12155,12155,0,-0.0008220304151254076
2023-09-25,12120,12120,12030,12055,27685,-0.008227067050596504
2023-09-26,11960,11960,11960,11960,0,-0.0078805474906678
2023-09-27,11915,11915,11915,11915,3,-0.003762541806020092
2023-10-04,11685,11695,11645,11645,21995,-0.022660511959714635
2023-10-05,11635,11635,11635,11635,0,-0.0008587376556461468
2023-10-06,11635,11635,11635,11635,0,0.0
2023-10-10,11740,11740,11740,11740,13,0.009024495058014503
2023-10-11,11805,11805,11805,11805,0,0.005536626916524678
2023-10-12,11940,11940,11940,11940,0,0.011435832274459878
2023-10-13,11890,11890,11890,11890,0,-0.0041876046901172526
2023-10-16,11790,11790,11790,11790,0,-0.008410428931875491
2023-10-17,11850,11910,11825,11905,200,0.009754028837998252
2023-10-18,11920,11920,11920,11920,0,0.0012599748005039935
2023-10-19,11740,11740,11740,11740,0,-0.015100671140939603
2023-10-20,11740,11740,11740,11740,0,0.0
